HOSPITAL_NAME,COPD_COUNT,PCT_OF_COPD_CASES_OVER_BEDS,AVG_SCORE,AVG_RISK
BJC,184,9.2,4.543478260869565,41.41304347826087
BJC WEST COUNTY,171,17.1,4.654970760233918,42.67251461988304
MISSOURI BAPTIST,161,20.125,4.341614906832298,39.900621118012424
SAINT LOUIS UNIVERSITY,164,16.400000000000002,4.4817073170731705,40.792682926829265
ST.MARY'S,156,31.2,4.5,41.32692307692308
ST.LUKE'S,164,20.5,4.426829268292683,40.457317073170735
